Text,Keyword,Color,Emotion,Sentiment
Waking up to a beautiful sunrise,beautiful,Yellow,Happiness,Positive
Laughing uncontrollably with friends,laughing,Yellow,Happiness,Positive
Discovering a new favorite song,favorite,Yellow,Happiness,Positive
Getting a surprise package in the mail,surprise,Yellow,Happiness,Positive
Enjoying a delicious meal with loved ones,enjoying,Yellow,Happiness,Positive
Feeling the warm sun on your skin,warm,Yellow,Happiness,Positive
Snuggling under a cozy blanket on a rainy day,rainy,Yellow,Happiness,Positive
Receiving a heartfelt compliment,compliment,Yellow,Happiness,Positive
Seeing a rainbow after a storm,rainbow,Yellow,Happiness,Positive
Dancing like nobody's watching,dancing,Yellow,Happiness,Positive
Hugging someone you haven't seen in a long time,hugging,Yellow,Happiness,Positive
Accomplishing a goal you've been working towards,goal,Yellow,Happiness,Positive
Watching a cute animal video that makes you smile,smile,Yellow,Happiness,Positive
"Taking a long, relaxing bath",relaxing,Yellow,Happiness,Positive
Seeing a breathtaking view from the top of a mountain,breattaking,Yellow,Happiness,Positive
Making someone else happy with a kind gesture,happy,Yellow,Happiness,Positive
Feeling the sand between your toes at the beach,feeling,Yellow,Happiness,Positive
Hearing your favorite song on the radio,favorite,Yellow,Happiness,Positive
Witnessing an act of kindness,kindness,Yellow,Happiness,Positive
Enjoying a good book that you can't put down,good,Yellow,Happiness,Positive
Watching a stunning sunset,stunning,Yellow,Happiness,Positive
Exploring a new city and discovering hidden gems,new city,Yellow,Happiness,Positive
Receiving a surprise visit from a friend,surprise,Yellow,Happiness,Positive
Trying a new hobby and discovering a new passion,new passion,Yellow,Happiness,Positive
Spending quality time with family,quality,Yellow,Happiness,Positive
Seeing a baby or a cute animal doing something adorable,cute,Yellow,Happiness,Positive
Singing your heart out to your favorite song,favorite,Yellow,Happiness,Positive
Going on a spontaneous adventure,adventure,Yellow,Happiness,Positive
Feeling the rush of adrenaline from trying something new,new,Yellow,Happiness,Positive
Receiving a genuine compliment from a stranger,genuine,Yellow,Happiness,Positive
Making someone else laugh with a silly joke,laughing,Yellow,Happiness,Positive
Seeing a loved one achieve their dreams,loved,Yellow,Happiness,Positive
Enjoying a picnic in a beautiful park,beautiful,Yellow,Happiness,Positive
Finding the perfect outfit that makes you feel confident,confident,Yellow,Happiness,Positive
Receiving a surprise text from someone you care about,surprise,Yellow,Happiness,Positive
Watching a movie that makes you laugh until your stomach hurts,laugh,Yellow,Happiness,Positive
Feeling the excitement of accomplishing a personal milestone,excitement,Yellow,Happiness,Positive
Enjoying a hot cup of coffee or tea on a chilly morning,enjoying,Yellow,Happiness,Positive
Seeing a field of blooming flowers,blooming,Yellow,Happiness,Positive
Having a deep and meaningful conversation with a friend,meaninful,Yellow,Happiness,Positive
Finding a solution to a problem that has been bothering you,solution,Yellow,Happiness,Positive
Trying a new recipe and it turns out delicious,delicious,Yellow,Happiness,Positive
Receiving a surprise visit from a beloved pet,surprise,Yellow,Happiness,Positive
Feeling the rush of excitement at a live concert,excitement,Yellow,Happiness,Positive
Seeing a loved one succeed and achieve their goals,succeed,Yellow,Happiness,Positive
Having a good hair day,good,Yellow,Happiness,Positive
Enjoying a peaceful moment of solitude,peaceful,Yellow,Happiness,Positive
Finding the perfect gift for someone special,gift,Yellow,Happiness,Positive
Watching a heartwarming movie that brings tears of joy,joy,Yellow,Happiness,Positive
Feeling the satisfaction of completing a puzzle or a challenging task,satisfaction,Yellow,Happiness,Positive
Having a fun day at an amusement park or a carnival,fun,Yellow,Happiness,Positive
Receiving a warm embrace from someone you care about,care,Yellow,Happiness,Positive
Discovering a new favorite book that you can't put down,favorite,Yellow,Happiness,Positive
I can't believe they canceled my favorite show.,canceled,red,angry,negative
Why is there always so much traffic when I'm in a hurry?,traffic,red,angry,negative
This slow internet connection is driving me crazy!,driving me crazy,red,angry,negative
"Ugh, I just missed the bus again!",missed,red,angry,negative
Why does it always have to rain on my day off?,day off,red,angry,negative
I can't stand people who are constantly late.,constantly late,red,angry,negative
This long line at the grocery store is making me furious.,furious,red,angry,negative
I'm so frustrated with this never-ending paperwork.,frustrated,red,angry,negative
I'm fed up with my noisy neighbors.,noisy,red,angry,negative
I'm angry that I lost my phone.,angry,red,angry,negative
Why do people have to be so rude?,so rude,red,angry,negative
"My computer keeps freezing, and it's driving me mad.",mad,red,angry,negative
I'm furious that my favorite coffee shop is closed today.,furious,red,angry,negative
I can't believe they didn't invite me to the party.,didn't invite,red,angry,negative
This never-ending construction noise is making me lose my mind.,lose my mind,red,angry,negative
I'm so annoyed that my favorite restaurant is fully booked.,annoyed,red,angry,negative
I'm tired of dealing with unreliable customer service.,tired,red,angry,negative
I'm furious that my flight got delayed again.,furious,red,angry,negative
I can't stand it when people chew with their mouths open.,can't stand,red,angry,negative
I'm angry that I accidentally deleted an important file.,angry,red,angry,negative
Why is it so hard to find a parking spot?,hard to  find,red,angry,negative
This constant noise from the construction site is making me furious.,furious,red,angry,negative
I'm frustrated that my package still hasn't arrived.,frustrated,red,angry,negative
I can't believe they messed up my order... again.,messed up ,red,angry,negative
I'm so annoyed with all these spam calls.,annoyed,red,angry,negative
Why does it always have to be so crowded here?,so crowded,red,angry,negative
I'm angry that my favorite band canceled their concert.,angry,red,angry,negative
I'm so frustrated with this never-ending laundry.,frustrated,red,angry,negative
"Ugh, my computer crashed right before I could save my work.",ugh,red,angry,negative
I can't stand it when people talk loudly on their phones in public.,loudly,red,angry,negative
I'm furious that my favorite store closed down.,furious,red,angry,negative
I'm tired of dealing with unreliable public transportation.,tired,red,angry,negative
I'm angry that I forgot my wallet at home.,angry,red,angry,negative
Why do people have to be so inconsiderate?,inconsiderate,red,angry,negative
This constant noise from my neighbor's party is driving me mad.,mad,red,angry,negative
I'm frustrated that my internet keeps disconnecting.,frustrated,red,angry,negative
I can't believe they didn't include me in the group chat.,didn't include,red,angry,negative
I can't believe they betrayed my trust like that.,betrayed my,red,angry,negative
Why do people always have to be so selfish?,so selfish,red,angry,negative
This constant injustice makes my blood boil.,my blood boil,red,angry,negative
I'm furious that they lied straight to my face.,furious,red,angry,negative
I can't stand it when people disrespect me.,disrespect me,red,angry,negative
Why does everything always have to go wrong?,go wrong,red,angry,negative
This unfair treatment is making me really angry.,angry,red,angry,negative
I'm frustrated with the lack of progress in this situation.,frustrated,red,angry,negative
I'm so annoyed by their constant excuses.,annoyed,red,angry,negative
I can't believe they stole my idea.,stole,red,angry,negative
Why do they always have to talk over me?,over me,red,angry,negative
This situation is making me feel so angry and helpless.,angry,red,angry,negative
I'm furious that they took advantage of my kindness.,furious,red,angry,negative
I can't stand their rude and disrespectful behavior.,their rude,red,angry,negative
Why is it so hard for them to just apologize?,so hard,red,angry,negative
This repeated disappointment is really getting to me.,disappointment,red,angry,negative
I'm frustrated with their lack of accountability.,with,red,angry,negative
I'm so annoyed by their constant interruptions.,annoyed,red,angry,negative
I can't believe they ignored my feelings like that.,ignored my,red,angry,negative
Why does everything always have to be a battle?,a battle,red,angry,negative
This constant negativity is draining my energy.,negativity,red,angry,negative
I'm furious that they broke their promise to me.,broke ,red,angry,negative
I can't stand their passive-aggressive behavior.,aggressive,red,angry,negative
Why do they always have to be so confrontational?,so confrontational,red,angry,negative
This continuous letdown is making me feel so angry.,so angry,red,angry,negative
I'm frustrated with their constant negativity.,negativity,red,angry,negative
I'm so annoyed by their lack of respect for boundaries.,lack of respect,red,angry,negative
I can't believe they dismissed my concerns so easily.,dismissed my,red,angry,negative
Why does it always have to be about them?,about them,red,angry,negative
This ongoing injustice is fueling my anger.,injustice,red,angry,negative
I'm furious that they tried to manipulate me.,furious,red,angry,negative
I can't stand their arrogance and entitlement.,arrogance,red,angry,negative
Why do they always have to play the victim?,the victim,red,angry,negative
This situation is making me really frustrated and upset.,upset,red,angry,negative
I'm angry at myself for allowing this to happen.,angry,red,angry,negative
I'm so annoyed by their constant need for validation.,annoyed,red,angry,negative
I can't believe they sabotaged my success.,sabotaged,red,angry,negative
Why do they always have to be so judgmental?,so judgmental,red,angry,negative
This continuous disappointment is wearing me down.,disappointment,red,angry,negative
I'm frustrated with their lack of empathy.,frustrated,red,angry,negative
I'm angry that they betrayed our friendship.,angry,red,angry,negative
"The betrayal cut her heart like a sharp knife, leaving a wound that refused to heal.",betrayal,blue,sadness,negative
The realization of her own insignificance in the vast universe filled her with a profound sadness.,sadness,blue,sadness,negative
"The feeling of being misunderstood and alone gnawed at her soul, slowly eroding her happiness.",eroding,blue,sadness,negative
"The loss of dreams and aspirations left a void in her life, a gaping hole filled with sadness.",sadness,blue,sadness,negative
"The fear of the unknown sent shivers down her spine, casting a pall of sadness over her future.",sadness,blue,sadness,negative
"The burden of guilt weighed heavily on her conscience, staining her heart with sadness.",haunted,blue,sadness,negative
"The regret of past mistakes haunted her, casting long shadows of sadness over her present.",sadness,blue,sadness,negative
"The feeling of being trapped in a life she didn't choose stifled her spirit, suffocating her with sadness.",sadness,blue,sadness,negative
"The constant struggle to make ends meet left her exhausted and disheartened, her spirit dulled by sadness.",sadness,blue,sadness,negative
"The uncertainty of the future loomed large, casting a dark cloud of sadness over her present.",sadness,blue,sadness,negative
"The feeling of being invisible and unheard left her isolated and alone, her heart heavy with sadness.",wounded,blue,sadness,negative
"The pain of unrequited love gnawed at her soul, leaving her wounded and lost in a sea of sadness.",loss,blue,sadness,negative
"The loss of friendship felt like a betrayal, severing a bond that had once brought her joy, now replaced with sadness.",abounded,blue,sadness,negative
"The feeling of being abandoned and alone left her adrift in a world that seemed indifferent to her pain, her heart drowning in sadness.",pain,blue,sadness,negative
"The realization that she had been lied to and deceived shattered her trust, leaving her vulnerable and awash in sadness.",lied,blue,sadness,negative
"The weight of responsibility crushed her spirit, leaving her overburdened and drowning in sadness.",sadness,blue,sadness,negative
"The fear of failure paralyzed her, holding her back from pursuing her dreams and leaving her filled with sadness.",fearlessness in trying,blue,sadness,negative
"The feeling of being judged and criticized chipped away at her self-esteem, leaving her doubting herself and filled with sadness.",sadness,blue,sadness,negative
"The loss of a sense of purpose left her adrift, feeling empty and lost in a sea of sadness.",losing,blue,sadness,negative
"The fear of losing those she loved cast a dark cloud over her happiness, her heart filled with a constant undercurrent of sadness.",losing,blue,sadness,negative
"The feeling of being powerless against the forces of life left her overwhelmed and defeated, her spirit crushed by sadness.",powerless,blue,sadness,negative
"The pain of watching someone you love suffer was like a thousand needles piercing your heart, leaving you consumed by sadness.",helpless,blue,sadness,negative
"The helplessness of being unable to help someone you love filled you with despair, drowning you in a sea of sadness.",suffering,blue,sadness,negative
"The guilt of knowing you could have done more to prevent someone's suffering gnawed at your conscience, leaving you haunted by sadness.",guilt,blue,sadness,negative
"The realization that you had failed to protect someone you loved from harm left you feeling empty and broken, your heart consumed by sadness.",broken,blue,sadness,negative
"The burden of carrying the secrets of others weighed heavily on your shoulders, leaving you feeling trapped in a cycle of sadness.",trapped in an,blue,sadness,negative
"The fear of being a burden to others kept you from seeking help, leaving you isolated and drowning in sadness.",drowing,blue,sadness,negative
"The feeling of being misunderstood by those you loved created a rift between you, leaving you feeling alone and filled with sadness.",misunderstood,blue,sadness,negative
"The loss of a sense of belonging left you adrift in a world that no longer felt like home, your heart aching with sadness.",aching,blue,sadness,negative
"The fear of being forgotten left you clinging to the memories of the past, refusing to let go of the happiness that once was, now replaced with sadness.",replaced,blue,sadness,negative
"The realization that life is fleeting and precious filled you with a sense of urgency, making you cherish each moment, knowing that sadness is always lurking just around the corner.",sadness,blue,sadness,negative
"The sadness of witnessing the suffering of others was like a mirror reflecting your own pain, amplifying it until it threatened to consume you entirely.",pain,blue,sadness,negative
"The thought of losing someone you loved was unbearable, a constant ache in your heart that threatened to break you.",break you,blue,sadness,negative
"The weight of grief was crushing, a heavy burden that made it",grief,blue,sadness,negative
I'm scared of spiders.,scared,black,fear,negative
The thought of heights terrifies me.,terrfies,black,fear,negative
I get really anxious during thunderstorms.,anxious,black,fear,negative
I'm afraid of public speaking.,afraid,black,fear,negative
The idea of being alone in the dark gives me chills.,chills,black,fear,negative
I'm terrified of snakes.,terrfies,black,fear,negative
The thought of failure makes me anxious.,anxious,black,fear,negative
I get really nervous when I have to take tests.,nervous,black,fear,negative
I'm scared of flying.,scared,black,fear,negative
The idea of being in crowded places makes me feel anxious.,anxious,black,fear,negative
I have a fear of clowns.,fear ,black,fear,negative
I get really frightened by horror movies.,frightened,black,fear,negative
I'm afraid of the unknown.,afraid,black,fear,negative
The thought of being trapped in an elevator gives me anxiety.,anxiety,black,fear,negative
I have a fear of needles.,fear,black,fear,negative
I get really scared when I hear strange noises at night.,scared,black,fear,negative
I'm terrified of ghosts.,terrfied,black,fear,negative
The idea of drowning scares me.,scares,black,fear,negative
I have a fear of failure and disappointment.,fear,black,fear,negative
I get really nervous when I have to meet new people.,nervous,black,fear,negative
I'm scared of spiders and insects.,scared,black,fear,negative
The thought of being in a car accident makes me anxious.,anxious,black,fear,negative
I have a fear of rejection.,fear,black,fear,negative
I get really frightened by the dark and silence.,frightened,black,fear,negative
I'm afraid of losing loved ones.,afraid,black,fear,negative
The idea of being alone in a haunted house gives me chills.,alone,black,fear,negative
I have a fear of public places and crowds.,fear,black,fear,negative
I get really nervous when I have to make important decisions.,nervous,black,fear,negative
I'm scared of the supernatural.,scared,black,fear,negative
The thought of being chased scares me.,scares,black,fear,negative
I have a fear of being judged by others.,fear,black,fear,negative
I get really anxious when I have to confront someone.,anxious,black,fear,negative
I'm afraid of dogs.,afrad,black,fear,negative
The idea of being alone in the wilderness makes me feel afraid.,afraid,black,fear,negative
I have a fear of spiders and snakes.,fear,black,fear,negative
I get really frightened by thunder and lightning.,frightened,black,fear,negative
I'm scared of heights and falling.,dark,black,fear,negative
"The thought of being in a small, enclosed space gives me anxiety.",being,black,fear,negative
I have a fear of the dark and being watched.,fear,black,fear,negative
I get really nervous when I have to speak in front of a large audience.,nervous,black,fear,negative
I'm afraid of failure and not reaching my goals.,failure,black,fear,negative
The idea of being in a plane crash scares me.,scary,black,fear,negative
I have a fear of tight spaces.,fear,black,fear,positive
I love spending time with you.,love ,pink,love,positive
You make my heart skip a beat.,love,pink,love,positive
Being with you feels like a dream come true.,dream,pink,love,positive
I can't imagine my life without you.,without you ,pink,love,positive
Every day with you is a blessing.,blessing,pink,love,positive
You are the sunshine in my life.,sunshine,pink,love,positive
Your smile brightens up my day.,smile,pink,love,positive
I cherish every moment we spend together.,cherish,pink,love,positive
You make my heart melt with your love.,love,pink,love,positive
I'm grateful to have you in my life.,my life,pink,love,positive
You are the love of my life.,love,pink,love,positive
Your love makes me feel complete.,love,pink,love,positive
I fall in love with you more and more each day.,love,pink,love,positive
You are the one I want to grow old with.,you are the one,pink,love,positive
Holding your hand makes me feel safe and loved.,safe,pink,love,positive
You are my forever and always.,forever,pink,love,positive
You are the missing piece in my puzzle.,my life,pink,love,positive
I love the way you make me laugh.,laugh,pink,love,positive
Your love gives me strength and courage.,love,pink,love,positive
You are the best thing that ever happened to me.,best ,pink,love,positive
Your love is like a beautiful melody in my heart.,love,pink,love,positive
I'm grateful for the love we share.,greatful,pink,love,positive
"You are my soulmate, my best friend.",solemate,pink,love,positive
I love the way you make me feel loved and cherished.,loved,pink,love,positive
Your love is my anchor in the storm.,love,pink,love,positive
You are my everything.,my everything,pink,love,positive
Your love is like a warm embrace that comforts my soul.,love,pink,love,positive
I'm so lucky to have you by my side.,lucky,pink,love,positive
You are the reason I believe in love.,love,pink,love,positive
Your love makes all the difference in my life.,love,pink,love,positive
I love the way you understand me like no one else can.,love,pink,love,positive
Your love is my safe haven.,love,pink,love,positive
You make me a better person with your love.,love,pink,love,positive
I'm grateful for the memories we create together.,together,pink,love,positive
You are the one who holds the key to my heart.,heart,pink,love,positive
Your love is the most beautiful gift I've ever received.,beautiful,pink,love,positive
I love the way you make me feel like I'm home.,love,pink,love,positive
Your love is a constant source of happiness in my life.,love,pink,love,positive
You are the person I want to share my future with.,I want ,pink,love,positive
I'm so thankful for the love we share.,thankful,pink,love,positive
You are the light that guides me through the darkest times.,smile,pink,love,positive
I love the way you make my heart skip a beat with just a smile.,guides,pink,love,positive
Your love is like a beautiful melody that plays in my heart.,beautiful,pink,love,positive
I feel incredibly lucky to have you as my partner.,lucky,pink,love,positive
Your love is the fuel that keeps me going every day.,keeps me going,pink,love,positive
You are my favorite person to cuddle with.,favorite,pink,love,positive
Being in your arms is my favorite place to be.,favorite,pink,love,positive
I love how you make even the simplest moments special.,special,pink,love,positive
Your love is the sweetest addiction I'll never get enough of.,sweetest,pink,love,positive
You are the reason why my heart is always full of joy.,joy ,pink,love,positive
I'm head over heels in love with you.,love,pink,love,positive
Your love is the best thing that ever happened to me.,best thing,pink,love,positive
I love the way you make me feel like I'm the luckiest person in the world.,luckiest,pink,love,positive
You complete me in ways I never thought possible.,comeplete me,pink,love,positive
I can't wait to create more beautiful memories with you.,memories,pink,love,positive
Your love makes me believe in the magic of true love.,true love,pink,love,positive
I love the way you make me feel like I'm the most important person in your life.,love,pink,love,positive
You are the missing piece to my puzzle of happiness.,happiness,pink,love,positive
I'm forever grateful that our paths crossed and we found each other.,each other,pink,love,negative
Your vacation photos always make me green with envy.,envy,green,envy,negative
I wish I had your talent for playing the guitar.,iwish,green,envy,negative
"Your fashion sense is so on point, I can't help but feel envious.",envious,green,envy,negative
"Seeing you achieve your goals makes me a little jealous, in a good way!",little jealous,green,envy,negative
Your flawless complexion is something I envy.,envy,green,envy,negative
I'm envious of how effortlessly you seem to manage your time.,envious,green,envy,negative
Your ability to make people laugh is something I wish I had.,I wish,green,envy,negative
Your creativity always leaves me feeling a tad envious.,envious,green,envy,negative
I'm envious of your ability to speak multiple languages fluently.,envious,green,envy,negative
Your confidence is something I truly envy.,envy,green,envy,negative
Your cooking skills always leave me feeling a little jealous!,jealous,green,envy,negative
I wish I had your knack for finding amazing deals and discounts.,knack,green,envy,negative
Your photography skills make me green-eyed with envy.,envy,green,envy,negative
I envy your ability to always stay calm and composed under pressure.,envy,green,envy,negative
"Your fitness level is something I aspire to achieve, it's truly enviable.",enviable,green,envy,negative
I wish I had your talent for drawing and painting.,I wish,green,envy,negative
Your ability to effortlessly socialize and make friends is something I admire.,I admire,green,envy,negative
Your success in your career is something I'm genuinely envious of.,envious,green,envy,negative
I'm envious of how organized and tidy you always are.,envious,green,envy,negative
Your ability to learn new things quickly is something I wish I had.,I wish,green,envy,negative
Your musical talent always leaves me feeling a bit envious.,envious,green,envy,negative
I wish I had your confidence to speak in public.,I wish,green,envy,negative
"Your adventurous spirit is truly inspiring, envy-worthy even!",envy,green,envy,negative
I'm envious of your ability to always find the perfect words to say.,envious,green,envy,negative
Your ability to stay focused and motivated is something I aspire to.,I aspire,green,envy,negative
"I wish I had your talent for dancing, you always look so graceful.",I wish,green,envy,negative
Your ability to navigate through difficult situations with ease is something I admire.,I admire,green,envy,negative
Your sense of humor always leaves me feeling a little envious.,envious,green,envy,negative
I'm envious of your ability to effortlessly style your hair.,envious,green,envy,negative
Your academic achievements are something I genuinely envy.,envy,green,envy,negative
I can't help but feel a tinge of envy when I see your amazing travel photos.,envy,green,envy,negative
Your talent for cooking always leaves me feeling a little envious.,envious,green,envy,negative
I envy your ability to effortlessly charm everyone you meet.,envy,green,envy,negative
Seeing your gorgeous new car definitely sparked a bit of envy in me.,envy,green,envy,negative
Your fashion sense always leaves me envious of your style.,envious,green,envy,negative
I can't help but feel a twinge of envy when I see how great you are at dancing.,envy,green,envy,negative
Your natural ability to make friends easily leaves me envious.,envious,green,envy,negative
Your beautiful home is definitely something I can't help but feel a little envious of.,envious,green,envy,negative
I envy your dedication and discipline when it comes to fitness.,envvy,green,envy,negative
Your incredible artistic skills always leave me feeling a bit envious.,envious,green,envy,negative
I can't help but feel a touch of envy when I see your perfect hair.,envy,green,envy,negative
Your ability to effortlessly pick up new languages leaves me feeling envious.,envious,green,envy,negative
I envy your talent for capturing stunning photographs.,envy,green,envy,negative
Your adventurous spirit always leaves me feeling a little envious.,envious,green,envy,negative
Your ability to excel academically is something I can't help but feel envious of.,envious,green,envy,negative
I envy your confidence and fearlessness in trying new things.,envy,green,envy,negative
Your impeccable sense of humor always leaves me feeling a bit envious.,envious,green,envy,negative
Your success in your career is definitely something I can't help but feel envious of.,envious,green,envy,negative
I envy your ability to always stay calm and composed in stressful situations.,envy,green,envy,negative
Your musical talent always leaves me feeling a little envious.,envious,green,envy,negative
Your knack for public speaking is definitely something I can't help but feel envious of.,envious,green,envy,negative
I envy your ability to always find the perfect gift for everyone.,envy,green,envy,negative
Your radiant beauty always leaves me feeling a bit envious.,envious,green,envy,negative
Your ability to effortlessly solve complex problems is something I can't help but feel envious of.,envious,green,envy,negative
I envy your patience and ability to stay calm in challenging situations.,envy,green,envy,negative
Your impressive athletic abilities always leave me feeling a little envious.,envious,green,envy,negative
Your natural charisma is definitely something I can't help but feel envious of.,envious,green,envy,negative
I envy your talent for playing musical instruments.,envy,green,envy,negative
Your incredible cooking skills always leave me feeling a bit envious.,envious,green,envy,negative
Your ability to juggle multiple tasks effortlessly.,ability,green,envy,negative
Your ability to stay calm and collected in stressful situations is truly envy-inducing.,ability,green,envy,negative
"I wish I had your talent for playing sports, you make it look so easy.",I wish,green,envy,positive
Taking a deep breath can help you find inner calm.,calm,lightblue,calmness,positive
Finding a peaceful spot in nature can bring a sense of calmness.,calmness,lightblue,calmness,positive
Listening to soothing music can help you relax and feel calm.,calm,lightblue,calmness,positive
Taking a walk in nature can bring a sense of tranquility and calmness.,calmness,lightblue,calmness,positive
Yoga and meditation are great ways to cultivate a calm mind.,calm,lightblue,calmness,positive
Surrounding yourself with positive and calming people can help you stay calm.,calm,lightblue,calmness,positive
Practicing deep breathing exercises can help you feel more centered and calm.,calm,lightblue,calmness,positive
Taking breaks throughout the day can help you maintain a sense of calmness.,calmness,lightblue,calmness,positive
Setting boundaries and saying no when necessary can help you preserve your inner calm.,calm,lightblue,calmness,positive
Journaling your thoughts and feelings can provide a sense of clarity and calmness.,calmness,lightblue,calmness,positive
Creating a calm and organized environment can help you feel more at ease.,calm,lightblue,calmness,positive
Practicing mindfulness can help you stay present and cultivate a sense of calmness.,calmness,lightblue,calmness,positive
Disconnecting from technology and spending time in nature can bring a sense of calm.,calm,lightblue,calmness,positive
Engaging in activities that bring you joy and relaxation can help you feel calm.,calm,lightblue,calmness,positive
Taking a warm bath or shower can help you unwind and feel calm.,calm,lightblue,calmness,positive
Learning to let go of things you can't control can bring a sense of calmness.,calm,lightblue,calmness,positive
"Surrounding yourself with soothing scents, like lavender, can promote relaxation and calmness.",calmness,lightblue,calmness,positive
"Engaging in creative activities, such as painting or crafting, can help calm the mind.",calm,lightblue,calmness,positive
Practicing gratitude can shift your focus to the present moment and bring a sense of calmness.,calmness,lightblue,calmness,positive
Setting aside dedicated time for self-care can help you recharge and feel calm.,calm,lightblue,calmness,positive
Reading a book or listening to an audiobook can transport you to a calm and peaceful world.,calm,lightblue,calmness,positive
"Engaging in gentle exercise, like stretching or yoga, can help release tension and promote calmness.",calm,lightblue,calmness,positive
Taking a moment to appreciate the beauty of nature can bring a sense of calmness.,calmness,lightblue,calmness,positive
Engaging in deep conversations with loved ones can provide a sense of connection and calmness.,calmness,lightblue,calmness,positive
Engaging in a hobby or passion project can help you find a state of flow and calmness.,calmness,lightblue,calmness,positive
Finding a quiet and comfortable space to relax and unwind can bring a sense of calmness.,calmness,lightblue,calmness,positive
Reflecting on positive moments and achievements can help you find inner calm.,calm,lightblue,calmness,positive
Practicing forgiveness and letting go of grudges can bring a sense of peace.,peaceful,lightblue,calmness,positive
Taking a break from social media can help you find calmness in the present moment.,calmness,lightblue,calmness,positive
Engaging in deep breathing exercises can instantly bring a sense of calmness to your mind and body.,calmness,lightblue,calmness,positive
Enjoying a cup of herbal tea can create a soothing and calming effect.,calming,lightblue,calmness,positive
Spending quality time with a pet can bring a sense of peace and tranquility.,peace,lightblue,calmness,positive
Letting go of perfectionism and embracing imperfections can lead to a more relaxed and calm mindset.,calm,lightblue,calmness,positive
"Engaging in a hobby, such as gardening or painting, can provide a sense of calm and creative expression.",calm,lightblue,calmness,positive
Creating a peaceful bedtime routine can help you unwind and prepare for a restful night's sleep.,peaceful,lightblue,calmness,positive
Taking a moment to appreciate the beauty of a sunset or a starry sky can bring a sense of calmness.,calmness,lightblue,calmness,positive
Practicing self-compassion and treating yourself with kindness can help foster inner calmness.,calmness,lightblue,calmness,positive
"Engaging in gentle physical activity, like stretching or going for a leisurely walk, can help release tension and promote calmness.",calmness,lightblue,calmness,positive
Decluttering and organizing your living space can create a sense of calm and clarity in your environment.,calm,lightblue,calmness,positive
Spending time in silence and solitude can help you reconnect with yourself and find inner calmness.,calmness,lightblue,calmness,positive
Expressing your feelings through writing or art can provide a cathartic and calming experience.,calming,lightblue,calmness,positive
"Surrounding yourself with calming colors, like soft blues or earthy tones, can create a serene atmosphere.",calming,lightblue,calmness,positive
Practicing progressive muscle relaxation can help release physical tension and promote overall calmness.,calmness,lightblue,calmness,positive
Engaging in a digital detox by disconnecting from screens can bring a sense of calmness and clarity.,calmness,lightblue,calmness,positive
"Taking a moment to appreciate the small joys in life, like a warm cup of coffee or a gentle breeze, can bring a sense of calmness.",calmness,lightblue,calmness,positive
"Prioritizing self-care activities, such as taking a bubble bath or practicing mindfulness, can nurture your well-being and promote calmness.",calmness,lightblue,calmness,positive
"Engaging in a gentle form of exercise, such as Tai Chi or Qigong, can help cultivate a calm and centered state of mind.",calm,lightblue,calmness,positive
"Surrounding yourself with calming sounds, like rain or ocean waves, can create a peaceful ambiance and promote relaxation.",relaxation,lightblue,calmness,positive
Taking regular breaks throughout the day to stretch and breathe can help maintain a sense of calmness and focus.,calmness,lightblue,calmness,positive
Practicing gratitude and focusing on what you are thankful for.,gratitude,lightblue,calmness,